date_utc	checkpoint	decision_or_finding	evidence
2026-09-30	deployment_scope	User authorized Convex push; use configured dev deployment only and leave production unchanged	.env.local resolves dev:charming-jaguar-140; dev --once succeeded
2026-09-30	reviewer_repairs	Reject false autoplay acknowledgements; scope browser device ids per account; do not title-match provider-identified mobile rows	Luna review; packages/connect/src/connectSession.test.ts; apps/web/src/lib/connectDeviceId.test.ts; apps/mobile/src/services/sync/plan.test.ts
2026-09-30	account_replacement	Use-account choice must remove phone-only local and online entries from same-id playlists while keeping downloads and the default Liked playlist	Luna review; planPhonePlaylistReplacement tests; real SQLite syncQueries.test.ts
2026-09-30	verification	Root and mobile gates are required before claiming source implementation complete	Root typecheck/lint/test pass; mobile:check pass with one existing unused-variable warning
2026-09-30	browser_e2e	The search suggestion navigates to results; playback begins only after the result Play action	`npm run e2e` passed all 14 tests, including search-to-play and player controls
2026-09-30	live_acceptance	Do not claim a real two-device sign-in/playback run without a physical Android device and signed-in session	adb devices returned no attached devices; full authenticated web+phone flow remains unverified
2026-09-30	analytics_scope	Defer Connect/sync outcome counters until the mobile client has an analytics opt-out and shared sink	Current analytics preference is web-only; documented in PLAN T10b
2026-10-01	P0_scope	Local reliability implementation only; preserve dirty changes; dev target charming-jaguar-140; no physical Android attached	git status; .env.local CONVEX_DEPLOYMENT; adb devices empty
2026-10-01	V2_policy_approved	Owner approved additive V2 fencing/capability gate and transfers requiring confirmed old-owner pause; unreachable owner fails rather than starting a second player	Owner approval in current conversation; RELIABILITY-CONTRACT-PROPOSAL.md (policy approved, not implemented)
